mol,aug-cc-pvdz,aug-cc-pvtz,aug-cc-pvqz,aug-cc-pv5z,aug-cc-pv6z
H2,-1.1288063,-1.1330054,-1.1334497,-1.1335869,-1.1336027
H2O,-76.0411795,-76.0603284,-76.0656957,-76.0670125,-76.0671541



